first_name,last_name,user_id
Kristin,Robins,0
Charles,Wells,1
Marvin,Garcia,2
William,Foster,3
Susan,Baker,4
Brent,Sacchetti,5
Norma,Casey,6
Lisa,Burton,7
Richard,Thomas,8
Christopher,Townsend,9
Phyllis,Allen,10
Sue,Martin,11
Larry,Hickling,12
Linda,Mitchell,13
Doris,Brown,14
Ray,Bibbs,15
Tamesha,Komar,16
Tommie,Quick,17
Melissa,Burrows,18
Christopher,Tyler,19
Jerry,Cavanagh,20
Sara,Meyer,21
Michael,Owens,22
Robert,Williams,23
Devin,Yepes,24
Andrew,Thompson,25
Catrina,Lloyd,26
Lawrence,Gentry,27
Ronald,Sousa,28
Heidi,Montalvo,29
Jennifer,Mcfadden,30
Keith,Hundley,31
Thomas,Swartzentrube,32
Lilia,Perez,33
Antonio,Loveland,34
Dolores,Dehart,35
Jami,Caminero,36
Charles,Butler,37
Doris,Bermudez,38
Daniel,Thornbury,39
John,Budge,40
Terry,Plaza,41
Carolyn,Cook,42
Russell,Leuthauser,43
David,Numbers,44
Walter,Chattin,45
Jane,Webb,46
Raymond,Montgomery,47
Theodore,Riddle,48
Lupe,Walter,49
Theresa,Peele,50
Juan,Gahagan,51
John,Nobles,52
Clayton,Blackman,53
Reva,Hoffman,54
Mark,Perrone,55
Robert,Martz,56
Jacqueline,Barnett,57
Chaya,Merchant,58
Brandon,Gonzalez,59
Christopher,Santoro,60
Latrina,Davis,61
Jane,Vest,62
Martha,Balder,63
Carol,Martin,64
Jeffrey,Lee,65
Kay,Hoover,66
Katherine,Stowell,67
Shaun,Huisenga,68
Carol,Perez,69
Desire,Higgins,70
Sharon,Pittman,71
Gabriella,Curry,72
Diane,Clark,73
Audrey,Bell,74
Laura,Bascomb,75
Stephanie,Sloan,76
Ruth,Duncan,77
Alta,Donovan,78
Nathan,Perez,79
Danielle,Cecilio,80
Ralph,Strickland,81
Angel,Belles,82
Michael,Thomas,83
Grant,Timmons,84
Ronald,Canady,85
Cynthia,Caldwell,86
Roseann,Amberg,87
James,Almeida,88
Staci,Carter,89
Gregory,Carino,90
Jesus,Dick,91
Justin,Boyd,92
Brenda,Culley,93
Darren,Howard,94
Dorothy,Cummings,95
Ronald,Waller,96
Mark,Moss,97
Gail,Monahan,98
Joseph,Ford,99
